codec,width,height,setting,kbps,frames,readable,correct_camera
h264,1280,720,1000,641,181,181,181
h264,1280,720,500,274,181,181,181
h264,1280,720,250,173,181,181,181
h264,1280,720,125,112,181,181,181
h264,1280,720,60,58,181,56,56
h264,1280,720,30,31,181,36,36
h265,1280,720,1000,643,181,181,181
h265,1280,720,500,305,181,181,181
h265,1280,720,250,126,181,181,181
h265,1280,720,125,78,181,181,181
h265,1280,720,60,46,181,181,181
h265,1280,720,30,47,181,179,179
mjpeg,1280,720,2,16748,181,181,181
mjpeg,1280,720,8,2391,181,181,181
mjpeg,1280,720,16,1906,181,181,181
mjpeg,1280,720,24,1781,181,181,181
mjpeg,1280,720,31,1737,181,181,181
h264,960,540,1000,968,181,181,181
h264,960,540,500,382,181,181,181
h264,960,540,250,188,181,181,181
h264,960,540,125,110,181,181,181
h264,960,540,60,53,181,181,181
h264,960,540,30,30,181,91,91
h265,960,540,1000,942,181,181,181
h265,960,540,500,425,181,181,181
h265,960,540,250,170,181,181,181
h265,960,540,125,86,181,181,181
h265,960,540,60,49,181,181,181
h265,960,540,30,37,181,14,14
mjpeg,960,540,2,7187,181,181,181
mjpeg,960,540,8,1828,181,181,181
mjpeg,960,540,16,1420,181,181,181
mjpeg,960,540,24,1295,181,181,181
mjpeg,960,540,31,1243,181,181,181
h264,640,360,1000,1030,181,181,181
h264,640,360,500,504,181,181,181
h264,640,360,250,248,181,181,181
h264,640,360,125,121,181,181,181
h264,640,360,60,59,181,181,181
h264,640,360,30,29,181,181,181
h265,640,360,1000,1010,181,181,181
h265,640,360,500,503,181,181,181
h265,640,360,250,244,181,181,181
h265,640,360,125,119,181,181,181
h265,640,360,60,58,181,181,181
h265,640,360,30,32,181,181,181
mjpeg,640,360,2,2889,181,181,181
mjpeg,640,360,8,1081,181,181,181
mjpeg,640,360,16,784,181,181,181
mjpeg,640,360,24,685,181,181,181
mjpeg,640,360,31,644,181,181,181
h264,480,270,1000,1031,181,181,181
h264,480,270,500,511,181,181,181
h264,480,270,250,252,181,181,181
h264,480,270,125,125,181,181,181
h264,480,270,60,61,181,181,181
h264,480,270,30,31,181,181,181
h265,480,270,1000,975,181,181,181
h265,480,270,500,482,181,181,181
h265,480,270,250,234,181,181,181
h265,480,270,125,116,181,181,181
h265,480,270,60,58,181,181,181
h265,480,270,30,32,181,181,181
mjpeg,480,270,2,1882,181,181,181
mjpeg,480,270,8,872,181,181,181
mjpeg,480,270,16,633,181,181,181
mjpeg,480,270,24,539,181,181,181
mjpeg,480,270,31,496,181,181,181
h264,320,180,1000,1032,181,181,181
h264,320,180,500,517,181,181,181
h264,320,180,250,258,181,181,181
h264,320,180,125,129,181,181,181
h264,320,180,60,62,181,181,181
h264,320,180,30,32,181,181,181
h265,320,180,1000,989,181,181,181
h265,320,180,500,496,181,181,181
h265,320,180,250,248,181,181,181
h265,320,180,125,124,181,181,181
h265,320,180,60,60,181,181,181
h265,320,180,30,32,181,181,181
mjpeg,320,180,2,1104,181,181,181
mjpeg,320,180,8,504,181,181,181
mjpeg,320,180,16,358,181,181,181
mjpeg,320,180,24,301,181,181,181
mjpeg,320,180,31,273,181,181,181
